<?xml version="1.0" encoding="UTF-8"?>
<GenRun Id="synth_1" LaunchPart="xc7a100tcsg324-1" LaunchTime="1619347748">
  <File Type="PA-TCL" Name="top_top.tcl"/>
  <File Type="RDS-PROPCONSTRS" Name="top_top_drc_synth.rpt"/>
  <File Type="REPORTS-TCL" Name="top_top_reports.tcl"/>
  <File Type="RDS-RDS" Name="top_top.vds"/>
  <File Type="RDS-UTIL" Name="top_top_utilization_synth.rpt"/>
  <File Type="RDS-UTIL-PB" Name="top_top_utilization_synth.pb"/>
  <File Type="RDS-DCP" Name="top_top.dcp"/>
  <File Type="VDS-TIMINGSUMMARY" Name="top_top_timing_summary_synth.rpt"/>
  <File Type="VDS-TIMING-PB" Name="top_top_timing_summary_synth.pb"/>
  <FileSet Name="sources" Type="DesignSrcs" RelSrcDir="$PSRCDIR/sources_1">
    <Filter Type="Srcs"/>
    <File Path="$PSRCDIR/sources_1/imports/new/PROM_IMG.vhd">
      <FileInfo>
        <Attr Name="ImportPath" Val="$PPRDIR/vga/vga.srcs/sources_1/new/PROM_IMG.vhd"/>
        <Attr Name="ImportTime" Val="1619340675"/>
        <Attr Name="UsedIn" Val="synthesis"/>
        <Attr Name="UsedIn" Val="simulation"/>
      </FileInfo>
    </File>
    <File Path="$PSRCDIR/sources_1/imports/new/VGA_VHDL.vhd">
      <FileInfo>
        <Attr Name="ImportPath" Val="$PPRDIR/vga/vga.srcs/sources_1/new/VGA_VHDL.vhd"/>
        <Attr Name="ImportTime" Val="1619340675"/>
        <Attr Name="UsedIn" Val="synthesis"/>
        <Attr Name="UsedIn" Val="simulation"/>
      </FileInfo>
    </File>
    <File Path="$PSRCDIR/sources_1/new/uart.vhd">
      <FileInfo>
        <Attr Name="UsedIn" Val="synthesis"/>
        <Attr Name="UsedIn" Val="simulation"/>
      </FileInfo>
    </File>
    <File Path="$PSRCDIR/sources_1/imports/new/vga_initials.vhd">
      <FileInfo>
        <Attr Name="ImportPath" Val="$PPRDIR/vga/vga.srcs/sources_1/new/vga_initials.vhd"/>
        <Attr Name="ImportTime" Val="1619340675"/>
        <Attr Name="UsedIn" Val="synthesis"/>
        <Attr Name="UsedIn" Val="simulation"/>
      </FileInfo>
    </File>
    <File Path="$PSRCDIR/sources_1/imports/new/vga_initials_top.vhd">
      <FileInfo>
        <Attr Name="ImportPath" Val="$PPRDIR/vga/vga.srcs/sources_1/new/vga_initials_top.vhd"/>
        <Attr Name="ImportTime" Val="1619340675"/>
        <Attr Name="UsedIn" Val="synthesis"/>
        <Attr Name="UsedIn" Val="simulation"/>
      </FileInfo>
    </File>
    <File Path="$PSRCDIR/sources_1/new/top_top.vhd">
      <FileInfo>
        <Attr Name="UsedIn" Val="synthesis"/>
        <Attr Name="UsedIn" Val="simulation"/>
      </FileInfo>
    </File>
    <File Path="$PSRCDIR/sources_1/imports/new/pwm.vhd">
      <FileInfo>
        <Attr Name="AutoDisabled" Val="1"/>
        <Attr Name="ImportPath" Val="$PPRDIR/../../../lecture/Week6/Week6.srcs/sources_1/new/pwm.vhd"/>
        <Attr Name="ImportTime" Val="1616454022"/>
        <Attr Name="UsedIn" Val="synthesis"/>
        <Attr Name="UsedIn" Val="simulation"/>
      </FileInfo>
    </File>
    <Config>
      <Option Name="DesignMode" Val="RTL"/>
      <Option Name="TopModule" Val="top_top"/>
    </Config>
  </FileSet>
  <FileSet Name="constrs_in" Type="Constrs" RelSrcDir="$PSRCDIR/constrs_1">
    <Filter Type="Constrs"/>
    <File Path="$PSRCDIR/constrs_1/imports/Fall 20/Nexys-A7-100T-Master.xdc">
      <FileInfo>
        <Attr Name="ImportPath" Val="$PPRDIR/../../../../../Fall 20/Nexys-A7-100T-Master.xdc"/>
        <Attr Name="ImportTime" Val="1601409364"/>
        <Attr Name="UsedIn" Val="synthesis"/>
        <Attr Name="UsedIn" Val="implementation"/>
      </FileInfo>
    </File>
    <Config>
      <Option Name="ConstrsType" Val="XDC"/>
    </Config>
  </FileSet>
  <FileSet Name="utils" Type="Utils" RelSrcDir="$PSRCDIR/utils_1">
    <Filter Type="Utils"/>
    <Config>
      <Option Name="TopAutoSet" Val="TRUE"/>
    </Config>
  </FileSet>
  <Strategy Version="1" Minor="2">
    <StratHandle Name="Vivado Synthesis Defaults" Flow="Vivado Synthesis 2019">
      <Desc>Vivado Synthesis Defaults</Desc>
    </StratHandle>
    <Step Id="synth_design"/>
  </Strategy>
  <BlockFileSet Type="BlockSrcs" Name="clk_wiz_0"/>
</GenRun>
